Album,Track #,Song Title,Duration
Be Fearless and Play,1,Be Fearless And Play,3:40
Be Fearless and Play,2,Junk Food,3:32
Be Fearless and Play,3,Monkey See Monkey Do,3:19
Be Fearless and Play,4,Crack In The Dam,2:44
Be Fearless and Play,5,Original Sin,3:01
Be Fearless and Play,6,Always Is,2:52
Be Fearless and Play,7,Don't Should On Me,2:48
Be Fearless and Play,8,Blue Sky,3:06
Be Fearless and Play,9,At Last,3:28
Be Fearless and Play,10,All Together,3:53
Be Fearless and Play,11,Home Free,2:49
Be Fearless and Play,12,The Thing,2:52
Be Fearless and Play,13,Shade,4:04
Be Fearless and Play,14,What You Mean,2:40
Be Fearless and Play,15,Rumi,0:50
Be Fearless and Play,16,Extra,2:02
Domesticated,1,Intro,0:25
Domesticated,2,Grow Up,3:37
Domesticated,3,Mushroom Jazz,3:28
Domesticated,4,Nothing & The Monkey,0:37
Domesticated,5,Settle Down,3:24
Domesticated,6,Mayonnaise,5:17
Domesticated,7,Bastard Of Babylon,3:35
Domesticated,8,Adrift,4:47
Domesticated,9,Have To Laugh,4:36
Domesticated,10,Nothing,2:47
Domesticated,11,Out Loud,4:51
Domesticated,12,Plead Insanity,5:00
Domesticated,13,Spiritual Lies,4:23
Domesticated,14,Run,3:46
Domesticated,15,The End,0:44
Domesticated,16,Flowers,4:31
Domesticated,17,Can't Get A Job,4:02
Domesticated,18,Far From Good,3:00
Domesticated,19,Scream,3:06
Domesticated,20,The Fog,2:50
Domesticated,21,Always Right,3:36
Domesticated,22,Rumi,0:40
Make Belief,1,All You Can Eat,3:50
Make Belief,2,Overboard,3:13
Make Belief,3,Enough,3:39
Make Belief,4,Make Believe,3:48
Make Belief,5,High Is High,3:26
Make Belief,6,All The Kings Horses,3:23
Make Belief,7,Not Sees,5:03
Make Belief,8,OPB,2:51
Make Belief,9,Nod My Head,3:31
Make Belief,10,Falling Down Trying,2:26
Make Belief,11,John Henry,4:12
Make Belief,12,Out Of My Way,4:42
Make Belief,13,Roommate,2:54
Make Belief,14,Get Down,4:48
Make Belief,15,Ghost In The Machine,4:43
Out of the Jar,1,Muerte y Suenos,1:20
Out of the Jar,2,The Frog & The Scorpion,4:15
Out of the Jar,3,This is Not a Test,1:52
Out of the Jar,4,So Right Here,2:46
Out of the Jar,5,Let Her Go,2:16
Out of the Jar,6,Out of the Jar,2:18
Out of the Jar,7,She Sells,3:41
Out of the Jar,8,Don't Listen,3:06
Out of the Jar,9,Kegger,4:32
Out of the Jar,10,Not all there Myself,1:24
Out of the Jar,11,Ambition Less,2:39
Out of the Jar,12,The Snake Catcher,2:48
Out of the Jar,13,Backbone,4:42
Out of the Jar,14,Put it Down,3:39
Out of the Jar,15,Untitled,1:04
Out of the Jar,16,Wild in the Fields,1:31
Out of the Jar,17,Cruise,3:22
Out of the Jar,18,Wrong Note,2:39
Out of the Jar,19,Bonus,3:28
Ready or Not...,1,Captain's Log (Intro),0:27
Ready or Not...,2,Ready or Not,3:42
Ready or Not...,3,Earthling,3:57
Ready or Not...,4,Just Visiting,3:52
Ready or Not...,5,Brainwash,3:50
Ready or Not...,6,Lose Your Mind,0:09
Ready or Not...,7,Don't Stop!,3:06
Ready or Not...,8,Shangri-La,3:11
Ready or Not...,9,Let Yourself Go,3:03
Ready or Not...,10,Sweet Silence,3:27
Ready or Not...,11,Us & Them,3:36
Ready or Not...,12,Tomorrow,2:36
Ready or Not...,13,Rumi,1:03
Writing on the Wall,1,Happy to Be Here,3:55
Writing on the Wall,2,All Over Again,3:53
Writing on the Wall,3,The Great Unknown,4:14
Writing on the Wall,4,Slow Your Motion,3:21
Writing on the Wall,5,Writing On The Wall,3:38
Writing on the Wall,6,Two Ways to Learn,3:53
Writing on the Wall,7,Monster Hugs,3:02
Writing on the Wall,8,While We Live,3:49
Writing on the Wall,9,All Do Well,3:39
Writing on the Wall,10,Small But Fierce,4:32
Writing on the Wall,11,Solstice,3:19
Writing on the Wall,12,A Great and Unlikely Story,0:51
You're It!,1,Intro...,0:23
You're It!,2,Who Are You?,3:55
You're It!,3,AIR,0:17
You're It!,4,Don Quixote,4:11
You're It!,5,Don't Hold Your Breath,3:36
You're It!,6,WATER,0:30
You're It!,7,You're It!,3:36
You're It!,8,The Road,3:57
You're It!,9,EARTH,0:24
You're It!,10,Long Way,3:57
You're It!,11,No Man's Land,3:28
You're It!,12,FIRE,0:25
You're It!,13,Keep it Light,4:29
You're It!,14,The Eighth Fire,4:19
You're It!,15,SPIRIT,0:26
You're It!,16,No Body,2:46
You're It!,17,Come to Life,4:58
Activate,1,(Intro),0:10
Activate,2,Think You're Free,3:38
Activate,3,Crumpled Up Napkin,2:53
Activate,4,St. Peter and the Serpent (The Story of Good for Nothing),4:05
Activate,5,(Shock),1:00
Activate,6,Dead in the Eyes,3:39
Activate,7,(Denial),0:25
Activate,8,All Good,3:33
Activate,9,(Anger),0:35
Activate,10,The Bitter End,4:43
Activate,11,(Bargaining),0:39
Activate,12,(Depression),1:06
Activate,13,Welcome Home,2:48
Activate,14,(Acceptance),0:33
Activate,15,Third Side of the Coin,3:25
Activate,16,Activate,2:11
Activate,17,(The End Again),0:38
Activate,18,Monkey on a String,2:28
Activate,19,Be the Change,3:44
Activate,20,Guantanamo,1:56
Activate,21,Move Over Now,0:27
Activate,22,From the Sun,3:09
Activate,23,Save Money - Kill Time,2:11
Activate,24,Words in My Mouth,2:22
Activate,25,Further Down,1:38
Activate,26,(Yellow #5),0:30
Activate,27,How Am I Not Myself,1:23
Activate,28,Talking Boy,1:44
Activate,29,(Burp),0:48
Activate,30,Outtakes,0:49
Activate,31,Jojo,2:54